TestId,Date,Time,Name,Hours,Readiness
pmSykcXq3sf2Yt4CIG6S,09/19/2022,08:47:49,abU58h8GqrgqG19iryFe,0,0
pmSykcXq3sf2Yt4CIG6S,09/19/2022,08:47:49,abU58h8GqrgqG19iryFe,1,100
pmSykcXq3sf2Yt4CIG6S,09/19/2022,08:47:49,abU58h8GqrgqG19iryFe,2,200
zIbuQEThkNHbGIo56s8v,09/19/2022,08:45:59,abU58h8GqrgqG19iryFe,3,300
bV01kX7Vit6V7t4Yiqui,09/19/2022,08:42:14,abU58h8GqrgqG19iryFe,4,400
tWKigDcohlyEEmjzAHUD,09/16/2022,13:12:58,abU58h8GqrgqG19iryFe,5,500
ggAorJJ6mVVwWNbExDLU,09/16/2022,13:12:50,abU58h8GqrgqG19iryFe,6,600
u2MyoMg79liJ75pESfcQ,09/16/2022,13:12:38,abU58h8GqrgqG19iryFe,7,700
2iGUb8YJqUJhgpPNE5LD,09/15/2022,12:21:46,abU58h8GqrgqG19iryFe,8,800
jFjof4GBoW3BSg8vMwsa,09/15/2022,12:21:34,abU58h8GqrgqG19iryFe,9,900
OLoLdi3zSpYrF5rnAhbp,09/15/2022,12:21:23,abU58h8GqrgqG19iryFe,10,1000